{
  "epoch": 36,
  "ssim_2um": 0.15415375275240834,
  "ssim_8um": 0.08113453480528768,
  "pcc_2um": 0.26023393869400024,
  "pcc_8um": 0.38184112310409546,
  "pcc_2um_per_gene_mean": 0.08290095627307892
}