{
  "epoch": 19,
  "ssim_2um": 0.10241640755266876,
  "ssim_8um": 0.032076672257951654,
  "pcc_2um": 0.015473829582333565,
  "pcc_8um": 0.02605508454144001,
  "pcc_2um_per_gene_mean": 0.13966834545135498
}