{
  "epoch": 35,
  "pcc_2um": 0.2976742684841156,
  "pcc_8um": 0.44130218029022217,
  "ssim_2um": 0.388221301806808,
  "ssim_8um": 0.15488695856996484,
  "pcc_2um_per_gene_mean": 0.20484203100204468
}