{
  "MT-ATP6": {
    "gene": "MT-ATP6",
    "mse_pcc": 0.7643122171687707,
    "poisson_pcc": 0.7615730495012817,
    "delta": -0.002739167667489051
  },
  "PIGR": {
    "gene": "PIGR",
    "mse_pcc": 0.2964795696216551,
    "poisson_pcc": 0.4824406038149216,
    "delta": 0.18596103419326648
  }
}