{
  "MT-ATP6": {
    "gene": "MT-ATP6",
    "mse_pcc": 0.7643122171687707,
    "poisson_pcc": 0.7615730495012817,
    "delta": -0.002739167667489051
  },
  "CD74": {
    "gene": "CD74",
    "mse_pcc": -0.008838796826255987,
    "poisson_pcc": 0.20232526028864553,
    "delta": 0.21116405711490152
  },
  "PIGR": {
    "gene": "PIGR",
    "mse_pcc": 0.2964795696216551,
    "poisson_pcc": 0.4824406038149216,
    "delta": 0.18596103419326648
  },
  "COL1A1": {
    "gene": "COL1A1",
    "mse_pcc": 0.124280782976785,
    "poisson_pcc": 0.3226160732316581,
    "delta": 0.19833529025487306
  }
}