{
  "epoch": 22,
  "ssim_2um": 0.5757217966939507,
  "ssim_8um": 0.23526308649588648,
  "pcc_2um": 0.3131672143936157,
  "pcc_8um": 0.4661223590373993,
  "pcc_2um_per_gene_mean": 0.25082969665527344
}