{
  "epoch": 5,
  "ssim_2um": 0.12344377218592047,
  "ssim_8um": 0.023363165158925808,
  "pcc_2um": 0.17200195789337158,
  "pcc_8um": 0.16133394837379456,
  "pcc_2um_per_gene_mean": 0.05156940966844559
}